file_name,class_id,confidence,point1_x,point1_y,point2_x,point2_y,point3_x,point3_y,point4_x,point4_y
labels\064442001.png,16,0.552299,1139,182,1429,182,1429,493,1139,493
labels\064507368.png,16,0.964215,493,127,758,127,758,429,493,429
labels\065131036.png,32,0.633974,1110,57,1358,57,1358,314,1110,314
labels\065147868.png,16,0.974271,727,189,1009,189,1009,495,727,495
labels\065203472.png,8,0.895026,540,764,827,764,827,1040,540,1040
labels\065203472.png,1,0.558725,540,764,828,764,828,1040,540,1040
labels\065223169.png,16,0.977313,737,161,1014,161,1014,456,737,456
labels\065330905.png,33,0.965805,790,483,1059,483,1059,761,790,761
labels\065331262.png,33,0.975323,878,697,1168,697,1168,988,878,988
labels\065425441.png,32,0.613221,1081,40,1329,40,1329,285,1081,285
labels\065714256.png,7,0.741673,802,293,1091,293,1091,616,802,616
labels\065714256.png,11,0.628024,802,293,1091,293,1091,615,802,615
labels\065750973.png,8,0.955077,383,324,632,324,632,567,383,567
labels\070016143.png,10,0.966053,484,711,767,711,767,986,484,986
labels\070203878.png,25,0.96665,1350,634,1662,634,1662,956,1350,956
labels\070305203.png,21,0.844688,723,91,979,91,979,381,723,381
labels\070326639.png,8,0.96635,416,491,680,491,680,744,416,744
labels\070537535.png,4,0.955719,343,145,579,145,579,404,343,404
labels\070924581.png,16,0.963368,455,496,752,496,752,829,455,829
labels\070957510.png,8,0.959777,1125,237,1380,237,1380,469,1125,469
labels\071020846.png,7,0.622683,1244,401,1555,401,1555,735,1244,735
labels\071040074.png,16,0.971547,1197,251,1496,251,1496,565,1197,565
labels\071044472.png,1,0.812724,1162,257,1416,257,1416,534,1162,534
labels\071126840.png,4,0.925237,372,264,617,264,617,526,372,526
labels\071216504.png,4,0.933932,836,420,1098,420,1098,704,836,704
labels\071228971.png,4,0.973791,722,170,964,170,964,429,722,429
labels\071332675.png,16,0.97549,1199,250,1497,250,1497,563,1199,563
labels\071514141.png,16,0.957479,716,150,994,150,994,450,716,450
labels\071556611.png,16,0.979188,734,179,1016,179,1016,483,734,483
labels\071556611.png,24,0.937178,1300,422,1584,422,1584,768,1300,768
labels\071623410.png,21,0.979333,450,647,746,647,746,1008,450,1008
labels\071711040.png,31,0.943183,1073,84,1324,84,1324,324,1073,324
labels\071711040.png,21,0.769524,722,290,1077,290,1077,670,722,670
labels\071716537.png,13,0.980167,1274,671,1570,671,1570,943,1274,943
labels\071722808.png,13,0.975454,1097,186,1347,186,1347,420,1097,420
labels\071745784.png,1,0.965494,1100,164,1360,164,1360,397,1100,397
labels\071746614.png,1,0.972489,1287,544,1580,544,1580,807,1287,807
labels\071916416.png,4,0.884483,823,413,1086,413,1086,707,823,707
labels\072049095.png,23,0.874408,764,130,982,130,982,358,764,358
labels\072050586.png,1,0.956058,1279,502,1571,502,1571,759,1279,759
labels\072050586.png,24,0.796531,1492,852,1771,852,1771,1080,1492,1080
labels\072052199.png,23,0.956442,1148,253,1379,253,1379,494,1148,494
labels\072216311.png,33,0.969297,1077,141,1328,141,1328,401,1077,401
labels\072221717.png,33,0.967544,1101,163,1356,163,1356,424,1101,424
labels\072248943.png,4,0.976726,1137,130,1388,130,1388,386,1137,386
labels\072257646.png,16,0.971332,1329,559,1656,559,1656,912,1329,912
labels\072308411.png,1,0.966454,1155,275,1431,275,1431,523,1155,523
labels\072308411.png,22,0.80665,616,0,839,0,839,142,616,142
labels\072519498.png,2,0.903928,443,531,685,531,685,791,443,791
labels\072519498.png,23,0.728216,443,530,684,530,684,789,443,789
labels\072544230.png,13,0.970705,987,99,1235,99,1235,324,987,324
labels\072616883.png,31,0.942915,1113,130,1370,130,1370,375,1113,375
labels\072618114.png,4,0.524607,1170,234,1428,234,1428,507,1170,507
labels\072624272.png,22,0.864184,839,471,1079,471,1079,735,839,735
labels\072624272.png,27,0.714773,1273,399,1591,399,1591,867,1273,867
labels\072638318.png,29,0.962485,1175,261,1432,261,1432,516,1175,516
labels\072638318.png,6,0.958101,876,547,1160,547,1160,839,876,839
labels\072655405.png,27,0.958299,465,588,734,588,734,895,465,895
labels\072702036.png,8,0.783372,685,174,930,174,930,404,685,404
labels\072911303.png,23,0.970664,764,196,987,196,987,436,764,436
labels\072936873.png,23,0.740193,441,751,695,751,695,1029,441,1029
labels\072954236.png,2,0.671267,1211,286,1446,286,1446,533,1211,533
labels\072954236.png,22,0.589509,868,488,1161,488,1161,775,868,775
labels\073006756.png,8,0.972095,780,340,1035,340,1035,587,780,587
labels\073152586.png,29,0.959024,947,89,1191,89,1191,325,947,325
labels\073242600.png,31,0.922064,1157,198,1416,198,1416,445,1157,445
labels\073251387.png,7,0.986249,1090,111,1370,111,1370,394,1090,394
labels\073315935.png,33,0.969052,859,522,1134,522,1134,814,859,814
labels\073539526.png,16,0.95549,1061,94,1340,94,1340,389,1061,389
labels\073557654.png,12,0.967582,1066,32,1312,32,1312,248,1066,248
labels\073557960.png,12,0.957254,1220,329,1485,329,1485,572,1220,572
labels\073557960.png,24,0.915679,793,307,1059,307,1059,635,793,635
labels\073611725.png,11,0.661988,1083,160,1367,160,1367,464,1083,464
labels\073611725.png,16,0.567561,1083,161,1367,161,1367,464,1083,464
labels\073622129.png,6,0.944483,1352,635,1650,635,1650,904,1352,904
labels\073626620.png,1,0.968865,908,727,1207,727,1207,1011,908,1011
labels\073652331.png,28,0.7892,935,689,1245,689,1245,1049,935,1049
labels\073652331.png,21,0.692792,936,689,1245,689,1245,1050,936,1050
labels\073836727.png,12,0.96619,1117,170,1372,170,1372,397,1117,397
labels\073952331.png,33,0.962078,1184,290,1449,290,1449,562,1184,562
labels\073952331.png,1,0.939163,408,368,682,368,682,678,408,678
labels\074109833.png,12,0.955569,733,251,983,251,983,488,733,488
labels\074120765.png,33,0.558469,1109,126,1371,126,1371,384,1109,384
labels\074141262.png,12,0.863677,1095,115,1343,115,1343,338,1095,338
labels\074141798.png,7,0.647187,749,305,1036,305,1036,624,749,624
labels\074152167.png,11,0.512419,946,526,1248,526,1248,862,946,862
labels\074218237.png,12,0.846579,1040,59,1284,59,1284,280,1040,280
labels\074220513.png,12,0.915284,1079,134,1326,134,1326,357,1079,357
labels\074234995.png,6,0.972917,1171,372,1465,372,1465,668,1171,668
labels\074430134.png,9,0.895033,1104,152,1360,152,1360,374,1104,374
labels\074431424.png,33,0.95724,833,242,1087,242,1087,511,833,511
labels\074454073.png,13,0.975495,760,149,1009,149,1009,382,760,382
labels\074454738.png,13,0.979694,907,505,1182,505,1182,765,907,765
labels\074519864.png,31,0.948948,1086,64,1333,64,1333,304,1086,304
labels\074526281.png,7,0.807397,1418,754,1720,754,1720,1060,1418,1060
labels\074530699.png,7,0.963037,719,204,993,204,993,490,719,490
labels\074538938.png,13,0.980076,1059,138,1314,138,1314,369,1059,369
labels\074556395.png,24,0.846187,432,428,674,428,674,724,432,724
labels\074618306.png,27,0.959007,721,48,954,48,954,301,721,301
labels\074618306.png,27,0.803872,925,706,1169,706,1169,1020,925,1020
labels\074749994.png,4,0.706877,1103,95,1352,95,1352,346,1103,346
labels\074749994.png,1,0.545777,1103,95,1351,95,1351,345,1103,345
labels\074910731.png,27,0.957044,368,170,606,170,606,437,368,437
labels\074910731.png,24,0.814413,1100,105,1355,105,1355,385,1100,385
labels\074915748.png,22,0.777254,1067,0,1316,0,1316,248,1067,248
labels\074938704.png,24,0.87608,545,707,806,707,806,1022,545,1022
labels\074956839.png,29,0.962706,397,226,638,226,638,473,397,473
labels\075059371.png,8,0.971663,811,478,1074,478,1074,731,811,731
labels\075131918.png,27,0.965589,398,328,638,328,638,605,398,605
labels\075132058.png,32,0.606132,767,238,1018,238,1018,497,767,497
labels\075132593.png,29,0.615438,863,479,1133,479,1133,754,863,754
labels\075135239.png,0,0.548445,763,214,1017,214,1017,442,763,442
labels\075150865.png,18,0.972746,1182,345,1464,345,1464,598,1182,598
labels\075153800.png,8,0.849623,932,673,1215,673,1215,937,932,937
labels\075153800.png,1,0.717983,932,673,1215,673,1215,938,932,938
labels\075203131.png,4,0.882799,1201,263,1457,263,1457,535,1201,535
labels\075203131.png,30,0.574633,887,634,1188,634,1188,936,887,936
labels\075214039.png,27,0.948243,882,589,1179,589,1179,883,882,883
labels\075214039.png,33,0.887004,1080,93,1336,93,1336,350,1080,350
labels\075214039.png,32,0.538666,1081,93,1336,93,1336,351,1081,351
labels\075343870.png,33,0.96509,1169,246,1434,246,1434,522,1169,522
labels\075348205.png,7,0.795245,701,201,984,201,984,506,701,506
labels\075348205.png,11,0.569886,701,202,984,202,984,507,701,507
labels\075352442.png,24,0.967833,750,217,979,217,979,491,750,491
labels\075359372.png,7,0.87375,1167,246,1439,246,1439,513,1167,513
labels\075359372.png,33,0.595215,1167,245,1438,245,1438,513,1167,513
labels\075440936.png,6,0.962562,470,607,743,607,743,867,470,867
labels\075512372.png,27,0.954983,720,199,964,199,964,462,720,462
labels\075512372.png,22,0.754088,1083,0,1324,0,1324,258,1083,258
labels\075524214.png,6,0.970726,1416,747,1752,747,1752,1079,1416,1079
labels\075525438.png,18,0.797092,1296,545,1587,545,1587,812,1296,812
labels\075539870.png,18,0.863309,1212,493,1494,493,1494,753,1212,753
labels\075542276.png,13,0.9803,1361,598,1653,598,1653,867,1361,867
labels\075545742.png,1,0.972959,404,316,653,316,653,565,404,565
labels\075545742.png,24,0.571401,835,388,1120,388,1120,671,835,671
labels\075621146.png,1,0.966908,486,785,775,785,775,1065,486,1065
labels\075628479.png,27,0.946654,727,91,964,91,964,346,727,346
labels\075631960.png,18,0.690993,429,679,710,679,710,961,429,961
labels\075704141.png,8,0.820055,757,326,1011,326,1011,567,757,567
labels\075704141.png,1,0.619217,758,327,1011,327,1011,568,758,568
labels\075719409.png,33,0.971997,559,726,840,726,840,1063,559,1063
labels\075756606.png,33,0.952206,1152,197,1425,197,1425,468,1152,468
labels\075805469.png,10,0.950013,429,615,706,615,706,882,429,882
labels\075810309.png,11,0.529793,377,298,657,298,657,606,377,606
labels\075810691.png,18,0.958755,1078,116,1335,116,1335,346,1078,346
labels\075821739.png,18,0.944337,1358,669,1659,669,1659,942,1358,942
labels\075825235.png,25,0.976015,752,246,1026,246,1026,545,752,545
labels\075833492.png,25,0.964789,1234,389,1525,389,1525,695,1234,695
labels\080030410.png,1,0.971607,460,240,721,240,721,479,460,479
labels\080042046.png,1,0.881381,680,135,931,135,931,367,680,367
labels\080108394.png,33,0.958785,1111,198,1379,198,1379,471,1111,471
labels\080112611.png,33,0.886311,1175,268,1449,268,1449,547,1175,547
labels\080112611.png,7,0.793018,1176,268,1450,268,1450,548,1176,548
labels\080113199.png,18,0.955884,909,743,1205,743,1205,1022,909,1022
labels\080119232.png,2,0.829501,790,373,1016,373,1016,625,790,625
labels\080136018.png,25,0.95065,826,410,1107,410,1107,705,826,705
labels\080154374.png,11,0.915546,753,195,1035,195,1035,497,753,497
labels\080159744.png,33,0.96378,375,240,618,240,618,501,375,501
labels\080221713.png,16,0.707325,804,376,1072,376,1072,625,804,625
labels\080221923.png,18,0.559083,838,460,1114,460,1114,716,838,716
labels\080303250.png,33,0.838086,706,150,957,150,957,402,706,402
labels\080303250.png,7,0.626498,706,150,958,150,958,402,706,402
labels\080311442.png,33,0.962946,430,397,687,397,687,700,430,700
labels\080319146.png,27,0.947735,382,216,622,216,622,483,382,483
labels\080319671.png,24,0.893891,1429,688,1699,688,1699,1008,1429,1008
labels\080326123.png,24,0.946785,781,344,1018,344,1018,638,781,638
labels\080328944.png,6,0.972233,1204,506,1516,506,1516,815,1204,815
labels\080343016.png,16,0.50884,752,249,1039,249,1039,561,752,561
labels\080404147.png,6,0.919038,1219,380,1520,380,1520,679,1219,679
labels\080420213.png,22,0.963468,756,326,984,326,984,573,756,573
labels\080427095.png,18,0.911902,1142,175,1406,175,1406,411,1142,411
labels\080450170.png,33,0.841399,1045,82,1305,82,1305,337,1045,337
labels\080555214.png,25,0.587834,732,298,997,298,997,586,732,586
labels\080556004.png,25,0.944423,814,539,1098,539,1098,855,814,855
labels\080641786.png,18,0.875466,446,598,721,598,721,874,446,874
labels\080741885.png,1,0.957185,1062,67,1318,67,1318,295,1062,295
labels\080753161.png,12,0.965722,1045,51,1291,51,1291,273,1045,273
labels\080755496.png,23,0.88667,1274,399,1514,399,1514,649,1274,649
labels\080814286.png,13,0.980422,1170,244,1429,244,1429,487,1170,487
labels\080823912.png,1,0.596108,1034,29,1278,29,1278,245,1034,245
labels\080823912.png,6,0.532161,1034,29,1278,29,1278,245,1034,245
labels\080928385.png,33,0.958991,749,119,991,119,991,370,749,370
labels\080957564.png,19,0.826196,1320,562,1613,562,1613,829,1320,829
labels\080957564.png,18,0.677358,1320,561,1613,561,1613,828,1320,828
labels\081008531.png,21,0.98296,1219,352,1512,352,1512,681,1219,681
labels\081048879.png,6,0.532035,1348,733,1660,733,1660,1017,1348,1017
labels\081102423.png,12,0.890515,1055,39,1296,39,1296,256,1055,256
labels\081102423.png,1,0.61168,1055,41,1297,41,1297,256,1055,256
labels\081109652.png,31,0.95712,1132,183,1392,183,1392,434,1132,434
labels\081110250.png,33,0.965034,725,153,970,153,970,410,725,410
labels\081201087.png,13,0.980454,1097,127,1350,127,1350,361,1097,361
labels\081244412.png,18,0.727444,971,435,1230,435,1230,692,971,692
labels\081244412.png,16,0.591897,971,434,1230,434,1230,693,971,693
labels\081246791.png,4,0.741384,719,153,961,153,961,413,719,413
labels\081255978.png,8,0.969778,1110,469,1393,469,1393,722,1110,722
labels\081325956.png,20,0.960014,882,650,1173,650,1173,927,882,927
labels\081407619.png,18,0.947849,822,343,1088,343,1088,587,822,587
labels\081423721.png,31,0.950644,728,177,979,177,979,426,728,426
labels\081429989.png,33,0.978604,1123,170,1382,170,1382,448,1123,448
labels\081601576.png,8,0.941165,875,630,1150,630,1150,895,875,895
labels\081647348.png,22,0.944064,759,243,979,243,979,475,759,475
labels\081649493.png,7,0.567612,1223,408,1514,408,1514,710,1223,710
labels\081649493.png,6,0.536467,1223,408,1512,408,1512,711,1223,711
labels\081700590.png,31,0.95192,1088,153,1344,153,1344,399,1088,399
labels\081706624.png,27,0.95597,1103,67,1347,67,1347,320,1103,320
labels\081707559.png,27,0.956613,1346,547,1632,547,1632,845,1346,845
labels\081711456.png,10,0.869283,476,695,762,695,762,974,476,974
labels\081717116.png,1,0.971565,1290,538,1582,538,1582,799,1290,799
labels\081723053.png,18,0.846802,829,551,1109,551,1109,821,829,821
labels\081728191.png,11,0.802943,1117,438,1439,438,1439,768,1117,768
labels\081807922.png,24,0.946748,507,379,740,379,740,671,507,671
labels\081920315.png,11,0.951941,813,251,1097,251,1097,559,813,559
labels\081946762.png,1,0.831181,408,299,642,299,642,572,408,572
labels\082012013.png,12,0.923445,1143,211,1401,211,1401,442,1143,442
labels\082022893.png,27,0.956097,1104,119,1354,119,1354,379,1104,379
labels\082101156.png,24,0.746378,1264,425,1513,425,1513,720,1264,720
labels\082101156.png,22,0.601037,1264,426,1513,426,1513,721,1264,721
labels\082203561.png,11,0.96331,466,655,773,655,773,1013,466,1013
labels\082220349.png,12,0.786667,1235,477,1486,477,1486,733,1235,733
labels\082220349.png,22,0.718472,517,680,800,680,800,963,517,963
labels\082240995.png,31,0.946194,989,263,1261,263,1261,519,989,519
labels\082255901.png,33,0.970044,763,151,1012,151,1012,421,763,421
labels\082257489.png,27,0.966833,1205,325,1468,325,1468,595,1205,595
labels\082323720.png,16,0.89569,1137,204,1426,204,1426,513,1137,513
labels\082324798.png,31,0.940791,376,397,629,397,629,663,376,663
labels\082337082.png,24,0.972884,1414,656,1686,656,1686,971,1414,971
labels\082337082.png,11,0.503711,701,74,950,74,950,368,701,368
labels\082337842.png,12,0.519815,1170,420,1399,420,1399,675,1170,675
labels\082347585.png,20,0.967079,825,522,1106,522,1106,789,825,789
labels\082356963.png,7,0.574888,698,228,951,228,951,490,698,490
labels\082525284.png,22,0.655531,487,745,739,745,739,1012,487,1012
labels\082547601.png,1,0.863269,406,374,657,374,657,657,406,657
labels\082547601.png,3,0.635471,406,374,657,374,657,654,406,654
labels\082550184.png,11,0.92964,993,565,1255,565,1255,834,993,834
labels\082550612.png,18,0.957774,753,306,1016,306,1016,552,753,552
labels\082628197.png,7,0.89042,1165,392,1444,392,1444,667,1165,667
labels\082628197.png,33,0.805748,1165,392,1444,392,1444,667,1165,667
labels\082653535.png,4,0.806293,800,250,1027,250,1027,491,800,491
labels\082705222.png,30,0.972573,691,143,935,143,935,372,691,372
labels\082723305.png,4,0.976092,1169,275,1429,275,1429,546,1169,546
labels\082723305.png,6,0.737351,892,522,1172,522,1172,784,892,784
labels\082805016.png,22,0.871131,802,118,1017,118,1017,347,802,347
labels\082903907.png,18,0.943335,420,479,685,479,685,741,420,741
labels\082907737.png,29,0.585434,1076,70,1319,70,1319,325,1076,325
labels\082945545.png,33,0.96178,782,264,1039,264,1039,553,782,553
labels\082945545.png,11,0.572091,1055,0,1309,0,1309,205,1055,205
labels\082954356.png,24,0.969811,1394,626,1660,626,1660,936,1394,936
labels\082954356.png,28,0.537528,1303,1031,1600,1031,1600,1079,1303,1079
labels\082959662.png,11,0.933089,655,58,904,58,904,330,655,330
labels\082959662.png,22,0.543969,1220,299,1456,299,1456,544,1220,544
labels\083008058.png,1,0.97656,689,141,942,141,942,372,689,372
labels\083008058.png,26,0.752311,1354,662,1657,662,1657,962,1354,962
labels\083008729.png,4,0.520966,723,127,964,127,964,382,723,382
labels\083105639.png,22,0.973626,795,287,1020,287,1020,533,795,533
labels\083138802.png,18,0.586925,719,108,966,108,966,336,719,336
labels\083140506.png,22,0.938696,930,133,1139,133,1139,367,930,367
labels\083204323.png,6,0.94802,530,783,844,783,844,1080,530,1080
labels\083222483.png,10,0.935526,1311,650,1608,650,1608,915,1311,915
labels\083222483.png,6,0.624586,1310,650,1608,650,1608,914,1310,914
labels\083234358.png,12,0.924532,859,549,1135,549,1135,808,859,808
labels\083235511.png,4,0.862035,1151,157,1380,157,1380,394,1151,394
labels\083238992.png,22,0.91376,1272,600,1520,600,1520,856,1272,856
labels\083240904.png,12,0.885095,1071,98,1318,98,1318,320,1071,320
labels\083338359.png,25,0.96279,1096,139,1370,139,1370,426,1096,426
labels\083401399.png,11,0.947732,1107,178,1396,178,1396,480,1107,480
labels\083417263.png,10,0.883836,489,763,777,763,777,1029,489,1029
labels\083530891.png,6,0.758507,1123,240,1381,240,1381,480,1123,480
labels\083532932.png,4,0.957126,699,217,947,217,947,475,699,475
labels\083543463.png,1,0.903986,1090,145,1345,145,1345,372,1090,372
labels\083603510.png,25,0.900139,1120,224,1400,224,1400,513,1120,513
labels\083628662.png,7,0.76401,1036,112,1304,112,1304,344,1036,344
labels\083628662.png,6,0.73351,1037,112,1303,112,1303,343,1037,343
labels\083637283.png,11,0.967389,1117,181,1406,181,1406,488,1117,488
labels\083740875.png,11,0.964444,833,309,1127,309,1127,635,833,635
labels\083742000.png,11,0.906031,345,272,624,272,624,578,345,578
labels\083808936.png,1,0.631201,699,92,939,92,939,309,699,309
labels\083907736.png,21,0.945211,948,625,1257,625,1257,970,948,970
labels\083925766.png,7,0.964137,761,204,1031,204,1031,487,761,487
labels\083926585.png,13,0.979891,1077,161,1331,161,1331,395,1077,395
labels\083935946.png,27,0.900542,929,660,1228,660,1228,972,929,972
labels\083935946.png,12,0.709241,1072,9,1315,9,1315,229,1072,229
labels\083955580.png,8,0.930937,726,330,980,330,980,572,726,572
labels\084006712.png,11,0.897878,1128,188,1419,188,1419,493,1128,493
labels\084029246.png,21,0.982636,465,436,752,436,752,775,465,775
labels\084117386.png,4,0.974625,670,74,908,74,908,325,670,325
labels\084132165.png,3,0.897221,398,179,638,179,638,439,398,439
labels\084158522.png,12,0.957346,1089,59,1330,59,1330,281,1089,281
labels\084247517.png,31,0.932678,430,436,689,436,689,702,430,702
labels\084258536.png,27,0.873491,1369,676,1624,676,1624,964,1369,964
labels\084258536.png,1,0.770236,522,410,749,410,749,659,522,659
labels\084311901.png,22,0.782947,1294,503,1540,503,1540,766,1294,766
labels\084311901.png,23,0.623116,1294,503,1540,503,1540,766,1294,766
labels\084320151.png,11,0.833217,696,170,978,170,978,469,696,469
labels\084351007.png,24,0.964778,1109,92,1333,92,1333,357,1109,357
labels\084437814.png,8,0.960601,772,357,1026,357,1026,599,772,599
labels\084438519.png,8,0.872007,922,791,1206,791,1206,1077,922,1077
labels\084438519.png,1,0.632434,923,791,1206,791,1206,1079,923,1079
labels\084457871.png,21,0.94312,1238,356,1534,356,1534,682,1238,682
labels\084504132.png,25,0.968807,724,227,993,227,993,526,724,526
labels\084510254.png,6,0.938659,1085,168,1356,168,1356,404,1085,404
labels\084514392.png,2,0.955551,1269,372,1505,372,1505,625,1269,625
labels\084519786.png,21,0.965568,681,28,939,28,939,316,681,316
labels\084532777.png,24,0.967462,1188,251,1426,251,1426,534,1188,534
labels\084536952.png,1,0.873742,401,382,629,382,629,630,401,630
labels\084541677.png,25,0.962554,1253,469,1553,469,1553,788,1253,788
labels\084551078.png,22,0.957834,796,263,1020,263,1020,504,796,504
labels\084557871.png,12,0.956899,1149,196,1404,196,1404,430,1149,430
labels\084559397.png,1,0.792691,750,258,1010,258,1010,504,750,504
labels\084621887.png,31,0.963025,717,177,963,177,963,423,717,423
labels\084647406.png,11,0.971802,863,512,1169,512,1169,872,863,872
labels\084732211.png,12,0.924533,749,139,986,139,986,362,749,362
labels\084745958.png,31,0.95703,1119,170,1382,170,1382,419,1119,419
labels\084815475.png,11,0.955871,1077,114,1361,114,1361,416,1077,416
labels\084823424.png,1,0.973267,1064,81,1319,81,1319,311,1064,311
labels\084839322.png,1,0.978458,1087,112,1345,112,1345,341,1087,341
labels\084840949.png,12,0.965345,1089,161,1341,161,1341,390,1089,390
labels\084846410.png,27,0.958633,1238,385,1506,385,1506,664,1238,664
labels\084849095.png,7,0.976845,849,491,1138,491,1138,804,849,804
labels\084916124.png,12,0.878789,696,84,936,84,936,308,696,308
labels\084916124.png,9,0.815458,696,84,936,84,936,308,696,308
labels\084920846.png,11,0.964108,701,141,976,141,976,441,701,441
labels\084923207.png,11,0.968588,809,296,1100,296,1100,633,809,633
labels\084923790.png,21,0.972042,1045,43,1310,43,1310,340,1045,340
labels\084928807.png,22,0.627571,686,97,926,97,926,345,686,345
labels\084957008.png,7,0.969934,443,504,725,504,725,817,443,817
labels\085122053.png,16,0.748863,1133,211,1424,211,1424,526,1133,526
labels\085131480.png,11,0.915738,693,192,972,192,972,491,693,491
labels\085135466.png,25,0.973483,1145,299,1429,299,1429,599,1145,599
labels\085135466.png,28,0.810135,882,611,1113,611,1113,934,882,934
labels\085145375.png,12,0.902275,751,205,987,205,987,436,751,436
labels\085150637.png,14,0.654952,1302,498,1588,498,1588,755,1302,755
labels\085152060.png,19,0.825941,519,658,806,658,806,936,519,936
labels\085153850.png,7,0.70563,1072,136,1339,136,1339,417,1072,417
labels\085209305.png,25,0.972444,1187,382,1480,382,1480,685,1187,685
labels\085212689.png,1,0.964242,1071,79,1324,79,1324,308,1071,308
labels\085227819.png,6,0.955814,957,21,1219,21,1219,248,957,248
labels\085238944.png,23,0.928418,730,147,948,147,948,373,730,373
labels\085240756.png,12,0.721502,1049,0,1285,0,1285,210,1049,210
labels\085458429.png,7,0.727042,1108,184,1365,184,1365,456,1108,456
labels\085510199.png,18,0.896851,718,84,963,84,963,307,718,307
labels\085510199.png,27,0.722979,1135,82,1429,82,1429,365,1135,365
labels\085510199.png,0,0.567195,719,85,963,85,963,307,719,307
labels\085510730.png,27,0.956433,720,138,962,138,962,404,720,404
labels\085513146.png,11,0.920914,405,530,715,530,715,896,405,896
labels\085524718.png,10,0.954843,1128,298,1403,298,1403,546,1128,546
labels\085525780.png,11,0.94699,1058,34,1333,34,1333,325,1058,325
labels\085525780.png,24,0.728766,858,485,1124,485,1124,780,858,780
labels\085540215.png,24,0.913523,426,434,672,434,672,734,426,734
labels\085545580.png,11,0.865924,1147,234,1447,234,1447,547,1147,547
labels\085556131.png,31,0.961624,729,202,979,202,979,454,729,454
labels\085556350.png,11,0.957161,1123,196,1412,196,1412,507,1123,507
labels\085620585.png,11,0.707288,793,259,1079,259,1079,573,793,573
labels\085636462.png,4,0.963253,787,246,1014,246,1014,484,787,484
labels\085648429.png,21,0.970541,391,143,654,143,654,432,391,432
labels\085648429.png,22,0.954091,1050,0,1317,0,1317,254,1050,254
labels\085716818.png,21,0.830178,415,331,693,331,693,637,415,637
labels\085716818.png,7,0.690482,416,331,694,331,694,638,416,638
labels\085720831.png,9,0.914502,408,224,652,224,652,458,408,458
labels\085720831.png,12,0.746945,409,223,650,223,650,457,409,457
labels\085741120.png,11,0.811137,487,564,789,564,789,940,487,940
labels\085746384.png,22,0.957731,1392,693,1653,693,1653,972,1392,972
labels\085749102.png,13,0.96611,1107,96,1354,96,1354,324,1107,324
labels\085802718.png,24,0.958326,927,571,1182,571,1182,879,927,879
labels\085821211.png,25,0.959813,1130,310,1416,310,1416,613,1130,613
labels\085821626.png,8,0.958772,784,386,1042,386,1042,631,784,631
labels\085822587.png,6,0.952608,1103,196,1377,196,1377,427,1103,427
labels\085827811.png,12,0.933138,760,303,1018,303,1018,547,760,547
labels\085829425.png,23,0.959043,821,406,1056,406,1056,649,821,649
labels\085906241.png,13,0.904208,1330,621,1620,621,1620,890,1330,890
labels\090003275.png,25,0.751001,738,142,1000,142,1000,424,738,424
labels\090012968.png,1,0.524124,374,365,621,365,621,636,374,636
labels\090026488.png,16,0.915226,401,357,696,357,696,678,401,678
labels\090036257.png,11,0.962511,1045,43,1320,43,1320,336,1045,336
labels\090040096.png,25,0.968297,692,151,954,151,954,432,692,432
labels\090116243.png,24,0.964739,755,171,987,171,987,443,755,443
labels\090141079.png,25,0.956389,1080,185,1351,185,1351,479,1080,479
labels\090146225.png,7,0.959595,1163,289,1450,289,1450,591,1163,591
labels\090202988.png,24,0.962708,1052,51,1275,51,1275,313,1052,313
labels\090212259.png,4,0.955315,969,148,1210,148,1210,408,969,408
labels\090227087.png,1,0.610045,408,533,721,533,721,897,408,897
labels\090321913.png,11,0.956994,1126,193,1417,193,1417,505,1126,505
labels\090331355.png,24,0.867829,694,42,913,42,913,296,694,296
labels\090335988.png,6,0.864216,1051,154,1317,154,1317,381,1051,381
labels\090409803.png,32,0.960141,305,148,549,148,549,408,305,408
labels\090448605.png,33,0.947931,1054,199,1302,199,1302,464,1054,464
labels\090453226.png,22,0.959436,1357,635,1656,635,1656,934,1357,934
labels\090505929.png,33,0.974198,704,127,948,127,948,382,704,382
labels\090527490.png,11,0.877061,395,420,687,420,687,747,395,747
labels\090648584.png,12,0.67884,1239,336,1474,336,1474,583,1239,583
labels\090717668.png,23,0.965787,1151,290,1387,290,1387,535,1151,535
labels\090719296.png,1,0.960529,599,267,849,267,849,514,599,514
labels\090737325.png,11,0.955282,1068,20,1347,20,1347,309,1068,309
labels\090737505.png,23,0.956188,859,440,1094,440,1094,696,859,696
labels\090742203.png,11,0.952757,1097,172,1387,172,1387,514,1097,514
labels\090743000.png,25,0.891329,1121,186,1395,186,1395,473,1121,473
labels\090743027.png,11,0.949246,1319,595,1652,595,1652,982,1319,982
labels\090751365.png,1,0.971397,874,658,1161,658,1161,931,874,931
labels\090757193.png,7,0.982802,1070,169,1352,169,1352,452,1070,452
labels\090803931.png,22,0.593719,1129,291,1430,291,1430,638,1129,638
labels\090816926.png,10,0.945948,539,734,829,734,829,1014,539,1014
labels\090818154.png,30,0.959875,1345,626,1637,626,1637,899,1345,899
labels\090833946.png,21,0.932237,420,434,702,434,702,764,420,764
labels\090919433.png,7,0.794044,1231,408,1525,408,1525,726,1231,726
labels\090925805.png,25,0.816398,427,621,714,621,714,948,427,948
labels\090952901.png,8,0.777443,1209,485,1485,485,1485,731,1209,731
labels\091000472.png,24,0.972432,1260,338,1503,338,1503,625,1260,625
labels\091013790.png,11,0.971461,1230,329,1534,329,1534,662,1230,662
labels\091043311.png,23,0.97521,1220,431,1466,431,1466,685,1220,685
labels\091051771.png,30,0.969395,1157,247,1414,247,1414,490,1157,490
labels\091056972.png,25,0.680618,443,699,739,699,739,1038,443,1038
labels\091056972.png,22,0.586994,442,699,739,699,739,1037,442,1037
labels\091059955.png,25,0.971129,1079,98,1346,98,1346,376,1079,376
labels\091122044.png,1,0.969072,684,53,927,53,927,276,684,276
labels\091134101.png,22,0.970379,749,157,965,157,965,389,749,389
labels\091155409.png,1,0.972235,1273,533,1568,533,1568,799,1273,799
labels\091156101.png,24,0.968446,771,332,1013,332,1013,619,771,619
labels\091252202.png,22,0.96503,748,194,967,194,967,430,748,430
labels\091347169.png,32,0.530245,1083,131,1330,131,1330,372,1083,372
labels\091350660.png,11,0.935619,859,419,1162,419,1162,754,859,754
labels\091350809.png,13,0.972722,747,111,989,111,989,342,747,342
labels\091351229.png,24,0.975946,1371,579,1636,579,1636,885,1371,885
labels\091351229.png,17,0.805176,726,166,982,166,982,449,726,449
labels\091351967.png,1,0.973725,714,150,965,150,965,383,714,383
labels\091352104.png,17,0.977861,844,472,1126,472,1126,799,844,799
labels\091352104.png,17,0.793117,1121,141,1390,141,1390,426,1121,426
labels\091353331.png,7,0.892577,862,593,1164,593,1164,924,862,924
labels\091353331.png,17,0.840493,1452,781,1782,781,1782,1080,1452,1080
labels\091356569.png,4,0.855455,932,644,1185,644,1185,912,932,912
labels\091356569.png,7,0.682267,1147,207,1412,207,1412,489,1147,489
labels\091356569.png,22,0.546239,1146,207,1412,207,1412,489,1146,489
labels\091358002.png,11,0.927909,386,312,682,312,682,630,386,630
labels\091358002.png,22,0.727938,1208,364,1501,364,1501,640,1208,640
labels\091404172.png,25,0.967002,695,145,953,145,953,427,695,427
labels\091404172.png,5,0.867897,1000,0,1243,0,1243,207,1000,207
labels\091411348.png,8,0.902338,1234,462,1510,462,1510,712,1234,712
labels\091411729.png,8,0.872427,1336,657,1628,657,1628,925,1336,925
labels\091416036.png,23,0.968632,1129,183,1352,183,1352,415,1129,415
labels\091422941.png,23,0.949831,839,647,1097,647,1097,917,839,917
labels\091425233.png,33,0.973169,829,376,1091,376,1091,655,829,655
labels\091502020.png,1,0.925724,730,137,968,137,968,361,730,361
labels\091611858.png,1,0.741778,1113,166,1363,166,1363,395,1113,395
labels\091611858.png,8,0.535745,1113,165,1364,165,1364,396,1113,396
labels\091617174.png,1,0.926826,772,279,1037,279,1037,523,772,523
labels\091642416.png,7,0.956531,1137,238,1416,238,1416,530,1137,530
labels\091644468.png,7,0.93546,1122,252,1402,252,1402,548,1122,548
labels\091659641.png,21,0.973694,415,356,692,356,692,683,415,683
labels\091705547.png,11,0.941408,1086,109,1371,109,1371,408,1086,408
labels\091730926.png,25,0.831852,1044,33,1304,33,1304,303,1044,303
labels\091732912.png,1,0.956391,1082,83,1340,83,1340,310,1082,310
labels\091732912.png,1,0.562884,1447,805,1768,805,1768,1080,1447,1080
labels\091741241.png,10,0.950029,1128,276,1402,276,1402,523,1128,523
labels\091802828.png,11,0.925287,742,236,1028,236,1028,548,742,548
labels\091806371.png,24,0.892006,744,79,967,79,967,345,744,345
labels\091806371.png,11,0.594166,745,79,966,79,966,344,745,344
labels\091809733.png,11,0.979108,1250,419,1559,419,1559,771,1250,771
labels\091809733.png,11,0.960832,738,177,1015,177,1015,499,738,499
labels\091818784.png,7,0.75843,1086,95,1354,95,1354,372,1086,372
labels\091823403.png,4,0.882658,805,317,1059,317,1059,586,805,586
labels\091833137.png,1,0.972626,684,104,935,104,935,333,684,333
labels\091835196.png,13,0.970411,745,174,993,174,993,412,745,412
labels\091901046.png,22,0.949718,557,183,771,183,771,417,557,417
labels\091926405.png,22,0.973562,736,195,957,195,957,432,736,432
labels\091953274.png,5,0.86098,869,518,1146,518,1146,781,869,781
labels\092011063.png,12,0.974484,687,80,928,80,928,301,687,301
labels\092033954.png,21,0.965813,923,75,1173,75,1173,375,923,375
labels\092034070.png,7,0.915326,1270,508,1576,508,1576,827,1270,827
labels\092034070.png,5,0.880989,1073,194,1341,194,1341,435,1073,435
labels\092034070.png,6,0.687102,1270,508,1576,508,1576,827,1270,827
labels\092036039.png,5,0.922677,739,121,994,121,994,360,739,360
labels\092103304.png,28,0.935033,438,454,704,454,704,753,438,753
labels\092103304.png,24,0.892015,985,516,1280,516,1280,853,985,853
labels\092108305.png,24,0.905483,886,388,1170,388,1170,724,886,724
labels\092108305.png,4,0.741322,329,201,548,201,548,437,329,437
labels\092143286.png,11,0.844424,662,105,937,105,937,396,662,396
labels\092148270.png,5,0.962345,417,416,676,416,676,678,417,678
labels\092148922.png,30,0.961972,1029,65,1275,65,1275,294,1029,294
labels\092213141.png,24,0.972165,729,197,960,197,960,475,729,475
labels\092257009.png,6,0.837377,853,551,1137,551,1137,820,853,820
labels\092313173.png,1,0.965771,452,595,730,595,730,867,452,867
labels\092313806.png,17,0.921916,711,113,970,113,970,394,711,394
labels\092313806.png,22,0.72747,1315,623,1598,623,1598,898,1315,898
labels\092313806.png,13,0.516291,1315,623,1599,623,1599,899,1315,899
labels\092318129.png,25,0.926416,425,512,707,512,707,832,425,832
labels\092324978.png,11,0.951359,783,246,1067,246,1067,565,783,565
labels\092337306.png,11,0.776531,753,230,1040,230,1040,544,753,544
labels\092350691.png,16,0.96378,1011,145,1309,145,1309,445,1011,445
labels\092405605.png,20,0.94436,825,538,1109,538,1109,807,825,807
labels\092426478.png,11,0.942184,697,97,970,97,970,400,697,400
labels\092545639.png,7,0.950329,853,430,1140,430,1140,743,853,743
labels\092545988.png,7,0.942117,927,600,1228,600,1228,942,927,942
labels\092553015.png,30,0.95213,851,479,1119,479,1119,736,851,736
labels\092553200.png,5,0.96538,1219,463,1502,463,1502,728,1219,728
labels\092620345.png,19,0.826426,457,556,733,556,733,823,457,823
labels\092620345.png,15,0.707415,458,556,733,556,733,823,458,823
labels\092621644.png,29,0.799606,1088,135,1337,135,1337,384,1088,384
labels\092636048.png,11,0.79535,870,466,1175,466,1175,801,870,801
labels\092640579.png,21,0.974599,1181,316,1474,316,1474,642,1181,642
labels\092640579.png,22,0.931778,406,161,652,161,652,444,406,444
labels\092641213.png,22,0.96622,502,425,774,425,774,723,502,723
labels\092641213.png,21,0.964799,1363,660,1685,660,1685,1019,1363,1019
labels\092646680.png,4,0.664328,744,250,970,250,970,493,744,493
labels\092646812.png,33,0.941646,960,768,1253,768,1253,1073,960,1073
labels\092651844.png,31,0.932766,1069,252,1312,252,1312,508,1069,508
labels\092654745.png,28,0.915164,1048,50,1302,50,1302,309,1048,309
labels\092719767.png,11,0.957059,730,251,1014,251,1014,564,730,564
labels\092834210.png,0,0.640793,1109,131,1367,131,1367,362,1109,362
labels\092900977.png,11,0.966669,1168,229,1459,229,1459,599,1168,599
labels\092909509.png,23,0.817864,890,507,1130,507,1130,758,890,758
labels\092929505.png,11,0.956461,453,427,745,427,745,758,453,758
labels\092930468.png,10,0.658917,441,418,706,418,706,673,441,673
labels\092930468.png,6,0.620661,441,417,707,417,707,673,441,673
labels\092939080.png,24,0.971357,468,532,716,532,716,838,468,838
labels\092947950.png,22,0.947144,458,337,682,337,682,588,458,588
labels\092947950.png,4,0.932014,1001,747,1298,747,1298,1062,1001,1062
labels\093005845.png,28,0.949893,411,453,672,453,672,744,411,744
labels\093009449.png,25,0.79172,1031,73,1284,73,1284,329,1031,329
labels\093011713.png,9,0.928096,486,407,755,407,755,660,486,660
labels\093012246.png,18,0.86586,611,684,902,684,902,959,611,959
labels\093016586.png,6,0.957759,946,711,1245,711,1245,994,946,994
labels\093017715.png,18,0.850098,1205,327,1477,327,1477,576,1205,576
labels\093020514.png,5,0.963976,696,127,952,127,952,366,696,366
labels\093022311.png,24,0.969564,1138,152,1367,152,1367,424,1138,424
labels\093027945.png,22,0.96313,700,144,920,144,920,374,700,374
labels\093040282.png,25,0.898048,1182,231,1458,231,1458,526,1182,526
labels\093044788.png,11,0.952015,733,120,1008,120,1008,421,733,421
labels\093048318.png,33,0.745563,678,114,912,114,912,352,678,352
labels\093050273.png,25,0.950079,700,167,966,167,966,452,700,452
labels\093051320.png,1,0.890021,728,114,966,114,966,341,728,341
labels\093129918.png,28,0.838608,887,614,1163,614,1163,924,887,924
labels\093133870.png,14,0.961061,1251,496,1538,496,1538,749,1251,749
labels\093144227.png,24,0.947481,435,488,683,488,683,789,435,789
labels\093206058.png,5,0.972107,1110,176,1378,176,1378,420,1110,420
labels\093206058.png,11,0.821192,675,108,927,108,927,370,675,370
labels\093209660.png,13,0.968174,817,304,1070,304,1070,552,817,552
labels\093241473.png,32,0.856943,1033,87,1279,87,1279,345,1033,345
labels\093244734.png,1,0.777266,746,182,990,182,990,408,746,408
labels\093244734.png,8,0.599039,745,182,991,182,991,409,745,409
labels\093255826.png,13,0.974043,834,478,1101,478,1101,736,834,736
labels\093300759.png,7,0.638563,1061,50,1308,50,1308,305,1061,305
labels\093308034.png,8,0.789731,1243,396,1511,396,1511,645,1243,645
labels\093308630.png,8,0.948231,1443,785,1750,785,1750,1068,1443,1068
labels\093313986.png,20,0.972073,797,312,1062,312,1062,561,797,561
labels\093319426.png,32,0.776192,1099,122,1353,122,1353,389,1099,389
labels\093319426.png,5,0.769332,785,346,1054,346,1054,599,785,599
labels\093320838.png,11,0.968942,1234,352,1544,352,1544,683,1234,683
labels\093325002.png,23,0.610878,1309,558,1563,558,1563,821,1309,821
labels\093325002.png,24,0.554165,705,92,959,92,959,414,705,414
labels\093327286.png,4,0.968312,1132,117,1383,117,1383,377,1132,377
labels\093334197.png,7,0.948673,1054,132,1321,132,1321,409,1054,409
labels\093336046.png,1,0.946905,1043,49,1297,49,1297,273,1043,273
labels\093336379.png,5,0.927482,934,725,1229,725,1229,1004,934,1004
labels\093337114.png,31,0.952434,731,172,979,172,979,420,731,420
labels\093344217.png,11,0.944862,759,149,1032,149,1032,473,759,473
labels\093344882.png,29,0.965976,681,38,911,38,911,271,681,271
labels\093356500.png,31,0.965138,1251,410,1530,410,1530,677,1251,677
labels\093402479.png,5,0.93596,420,386,687,386,687,646,420,646
labels\093404348.png,31,0.954219,1135,142,1391,142,1391,390,1135,390
labels\093409491.png,29,0.963598,1113,80,1350,80,1350,313,1113,313
labels\093448738.png,14,0.691044,423,435,691,435,691,691,423,691
labels\093505621.png,22,0.945384,771,145,985,145,985,380,771,380
labels\093516192.png,12,0.958921,376,227,619,227,619,464,376,464
labels\093525821.png,4,0.627242,1105,209,1358,209,1358,479,1105,479
labels\093525821.png,29,0.55514,1105,209,1358,209,1358,479,1105,479
labels\093528685.png,1,0.925344,442,518,712,518,712,783,442,783
labels\093534003.png,32,0.753943,871,164,1115,164,1115,422,871,422
labels\093534003.png,1,0.586489,1438,759,1759,759,1759,1061,1438,1061
labels\093534651.png,25,0.594032,956,682,1239,682,1239,994,956,994
labels\093543019.png,1,0.517798,413,461,651,461,651,716,413,716
labels\093553856.png,11,0.967188,391,346,688,346,688,696,391,696
labels\093606855.png,18,0.964054,761,250,1017,250,1017,492,761,492
labels\093622638.png,11,0.968652,1094,110,1376,110,1376,409,1094,409
labels\093630535.png,12,0.860731,672,66,910,66,910,284,672,284
labels\093630535.png,22,0.739927,457,358,734,358,734,632,457,632
labels\093638430.png,13,0.981538,844,552,1117,552,1117,818,844,818
labels\093638430.png,24,0.968425,1240,343,1530,343,1530,664,1240,664
labels\093638430.png,1,0.663342,1334,1016,1622,1016,1622,1079,1334,1079
labels\093650081.png,5,0.947118,1110,164,1375,164,1375,408,1110,408
labels\093705241.png,25,0.97481,765,304,1043,304,1043,609,765,609
labels\093705730.png,29,0.943755,688,83,922,83,922,321,688,321
labels\093705730.png,1,0.675341,1341,1016,1618,1016,1618,1079,1341,1079
labels\093715345.png,14,0.742491,1365,623,1665,623,1665,889,1365,889
labels\093718099.png,33,0.960919,1101,77,1352,77,1352,344,1101,344
labels\093718099.png,1,0.759943,1337,1016,1617,1016,1617,1080,1337,1080
labels\093722282.png,11,0.956645,749,183,1026,183,1026,515,749,515
labels\093738733.png,1,0.892002,435,324,659,324,659,565,435,565
labels\093744525.png,24,0.966362,795,291,1033,291,1033,574,795,574
labels\093859822.png,23,0.967066,428,449,664,449,664,706,428,706
labels\093904009.png,0,0.782079,971,763,1266,763,1266,1040,971,1040
labels\093911387.png,16,0.657128,477,677,756,677,756,953,477,953
labels\093921325.png,7,0.980586,1084,59,1360,59,1360,339,1084,339
labels\093939566.png,13,0.976727,1089,74,1337,74,1337,302,1089,302
labels\093939566.png,1,0.549217,1342,1016,1621,1016,1621,1079,1342,1079
labels\093957497.png,7,0.805181,1092,72,1340,72,1340,328,1092,328
labels\094045419.png,4,0.972389,1104,70,1349,70,1349,329,1104,329
labels\094056018.png,11,0.970825,772,226,1058,226,1058,538,772,538
labels\094112070.png,25,0.969094,486,522,772,522,772,845,486,845
labels\094131458.png,21,0.942114,1188,330,1483,330,1483,655,1188,655
labels\094131673.png,25,0.775634,1182,332,1471,332,1471,640,1182,640
labels\094136025.png,18,0.648029,1097,128,1350,128,1350,360,1097,360
labels\094143325.png,15,0.907009,791,459,1069,459,1069,723,791,723
labels\094148462.png,30,0.97468,1057,67,1306,67,1306,292,1057,292
labels\094154583.png,22,0.966819,494,351,732,351,732,605,494,605
labels\094154583.png,6,0.95242,1403,744,1719,744,1719,1026,1403,1026
labels\094204821.png,24,0.899952,1317,533,1579,533,1579,839,1317,839
labels\094209065.png,27,0.948224,381,307,627,307,627,585,381,585
labels\094209155.png,23,0.850905,1191,327,1426,327,1426,579,1191,579
labels\094232722.png,22,0.971633,678,125,895,125,895,360,678,360
labels\094233689.png,22,0.944945,839,569,1083,569,1083,838,839,838
labels\094241325.png,5,0.935614,942,729,1237,729,1237,1013,942,1013
labels\094255354.png,22,0.715053,678,43,917,43,917,303,678,303
labels\094321093.png,10,0.943706,784,345,1054,345,1054,592,784,592
labels\094337207.png,27,0.952035,418,541,678,541,678,834,418,834
labels\094337207.png,11,0.918506,1079,18,1312,18,1312,276,1079,276
labels\094358678.png,25,0.962175,763,288,1036,288,1036,583,763,583
labels\094418692.png,12,0.964644,1057,65,1305,65,1305,284,1057,284
labels\094504662.png,1,0.898002,1168,243,1424,243,1424,472,1168,472
labels\094537349.png,11,0.974044,1124,187,1417,187,1417,491,1124,491
labels\094553742.png,5,0.972999,1121,217,1389,217,1389,462,1121,462
labels\094553742.png,8,0.933776,421,430,676,430,676,679,421,679
labels\094558260.png,27,0.960792,1070,39,1312,39,1312,292,1070,292
labels\094600039.png,11,0.940967,264,0,505,0,505,218,264,218
labels\094600039.png,27,0.909981,983,640,1271,640,1271,961,983,961
labels\094600039.png,11,0.681845,695,59,946,59,946,292,695,292
labels\094600039.png,5,0.597635,695,59,945,59,945,292,695,292
labels\094608991.png,33,0.897121,1124,226,1396,226,1396,491,1124,491
labels\094608991.png,22,0.81757,928,652,1221,652,1221,954,928,954
labels\094635660.png,18,0.643003,1039,119,1289,119,1289,351,1039,351
labels\094712571.png,22,0.960845,705,147,924,147,924,377,705,377
labels\094838084.png,14,0.81905,793,358,1058,358,1058,602,793,602
labels\094857175.png,21,0.983437,1054,45,1323,45,1323,341,1054,341
labels\094903052.png,0,0.98003,678,131,931,131,931,362,678,362
labels\094903052.png,22,0.945795,1023,0,1257,0,1257,169,1023,169
labels\094904790.png,5,0.957461,729,258,997,258,997,507,729,507
labels\094914241.png,22,0.901115,749,337,1015,337,1015,601,749,601
labels\094914241.png,2,0.836718,1120,180,1348,180,1348,418,1120,418
labels\094914241.png,23,0.690902,1120,180,1349,180,1349,418,1120,418
labels\094914241.png,22,0.55008,1121,180,1349,180,1349,418,1121,418
labels\094915410.png,21,0.972035,1056,2,1317,2,1317,296,1056,296
labels\094948814.png,31,0.956117,1366,622,1658,622,1658,907,1366,907
labels\094949454.png,33,0.856377,699,140,953,140,953,401,699,401
labels\094949454.png,7,0.581676,699,141,954,141,954,400,699,400
labels\095007510.png,11,0.961914,1147,204,1437,204,1437,541,1147,541
labels\095021431.png,33,0.937827,852,65,1078,65,1078,315,852,315
labels\095105678.png,5,0.964825,470,626,756,626,756,905,470,905
labels\095121004.png,25,0.538473,566,541,845,541,845,866,566,866
labels\095126470.png,6,0.897732,940,208,1192,208,1192,443,940,443
labels\095137564.png,19,0.845989,1197,283,1467,283,1467,530,1197,530
labels\095137564.png,1,0.544982,1198,282,1468,282,1468,530,1198,530
labels\095158645.png,28,0.971589,1096,58,1356,58,1356,315,1096,315
labels\095210270.png,1,0.888013,809,380,1067,380,1067,629,809,629
labels\095216706.png,4,0.680299,827,674,1075,674,1075,946,827,946
labels\095216706.png,23,0.673661,828,674,1075,674,1075,946,828,946
labels\095220630.png,33,0.972791,761,239,1013,239,1013,507,761,507
labels\095226415.png,24,0.969248,721,172,948,172,948,445,721,445
labels\095233312.png,8,0.862434,1242,388,1515,388,1515,637,1242,637
labels\095246141.png,30,0.972058,958,717,1246,717,1246,995,958,995
labels\095246141.png,11,0.951898,1113,80,1379,80,1379,376,1113,376
labels\095250579.png,13,0.939577,703,48,943,48,943,270,703,270
labels\095342787.png,33,0.876612,1116,152,1381,152,1381,415,1116,415
labels\095342787.png,17,0.624135,1116,153,1380,153,1380,417,1116,417
labels\095352152.png,11,0.821016,1096,85,1357,85,1357,320,1096,320
labels\095430742.png,11,0.959014,487,285,765,285,765,636,487,636
labels\095458342.png,22,0.5458,1269,560,1522,560,1522,827,1269,827
labels\095513910.png,22,0.969062,850,479,1089,479,1089,738,850,738
labels\095526126.png,14,0.94863,1163,321,1435,321,1435,570,1163,570
labels\095542165.png,26,0.950502,693,94,942,94,942,324,693,324
labels\095545427.png,1,0.944401,871,178,1129,178,1129,407,871,407
labels\095608312.png,8,0.968942,1193,351,1452,351,1452,596,1193,596
labels\095610331.png,29,0.686175,1018,0,1254,0,1254,231,1018,231
labels\095612230.png,33,0.964038,743,153,992,153,992,413,743,413
labels\095649613.png,6,0.611886,1135,167,1404,167,1404,400,1135,400
labels\095713691.png,14,0.952823,484,666,766,666,766,939,484,939
labels\095725284.png,5,0.96965,449,551,732,551,732,824,449,824
labels\095740817.png,27,0.958425,1079,74,1324,74,1324,327,1079,327
labels\095800619.png,13,0.862568,502,90,735,90,735,321,502,321
labels\095800714.png,28,0.939306,445,126,684,126,684,385,445,385
labels\095834555.png,11,0.967533,1230,309,1535,309,1535,632,1230,632
labels\095840117.png,22,0.6565,1171,218,1437,218,1437,495,1171,495
labels\095850865.png,27,0.976772,1073,54,1317,54,1317,308,1073,308
labels\095904627.png,8,0.966807,790,393,1054,393,1054,635,790,635
labels\095904783.png,23,0.96521,447,420,682,420,682,672,447,672
labels\095905401.png,8,0.959281,918,693,1200,693,1200,954,918,954
labels\095905401.png,1,0.767396,919,691,1200,691,1200,954,919,954
labels\095923251.png,4,0.969001,1244,350,1510,350,1510,628,1244,628
labels\095926238.png,10,0.95352,706,95,956,95,956,322,706,322
labels\095935212.png,7,0.955866,735,59,999,59,999,325,735,325
labels\095937538.png,12,0.947968,391,242,630,242,630,475,391,475
labels\095938734.png,1,0.611229,686,79,938,79,938,307,686,307
labels\095950469.png,7,0.786427,724,50,963,50,963,303,724,303
labels\100017087.png,5,0.752665,695,147,948,147,948,378,695,378
labels\100059550.png,17,0.940062,1556,896,1865,896,1865,1080,1556,1080
labels\100059550.png,6,0.860912,1225,288,1498,288,1498,535,1225,535
labels\100059550.png,15,0.522115,1225,288,1498,288,1498,535,1225,535
labels\100101118.png,11,0.960034,1146,178,1432,178,1432,510,1146,510
labels\100102283.png,11,0.971738,443,343,736,343,736,702,443,702
labels\100147116.png,8,0.647122,864,417,1134,417,1134,666,864,666
labels\100158738.png,15,0.944176,427,484,699,484,699,748,427,748
labels\100201949.png,21,0.973706,1247,404,1544,404,1544,736,1247,736
labels\100201949.png,11,0.534093,673,0,911,0,911,142,673,142
labels\100226255.png,10,0.817827,884,243,1143,243,1143,480,884,480
labels\100226255.png,13,0.661966,885,244,1143,244,1143,478,885,478
labels\100227788.png,24,0.945692,775,148,1003,148,1003,420,775,420
labels\100231640.png,1,0.928035,422,543,690,543,690,812,422,812
labels\100245383.png,13,0.975302,1088,105,1337,105,1337,336,1088,336
labels\100258948.png,11,0.958524,745,192,1020,192,1020,536,745,536
labels\100328219.png,22,0.958135,1276,439,1574,439,1574,731,1276,731
labels\100328219.png,11,0.939842,415,333,692,333,692,684,415,684
labels\100328564.png,24,0.95684,773,117,995,117,995,382,773,382
labels\100328564.png,27,0.948816,1375,640,1706,640,1706,943,1375,943
labels\100331118.png,11,0.969621,412,363,710,363,710,715,412,715
labels\100348504.png,22,0.965914,1117,117,1336,117,1336,347,1117,347
labels\100348504.png,5,0.597028,386,229,640,229,640,533,386,533
labels\100348774.png,29,0.962571,1076,48,1313,48,1313,284,1076,284
labels\100412466.png,23,0.882824,904,480,1145,480,1145,742,904,742
labels\100419085.png,10,0.943916,449,482,716,482,716,742,449,742
labels\100445594.png,8,0.746472,1326,516,1608,516,1608,770,1326,770
labels\100505559.png,28,0.720189,1126,145,1385,145,1385,408,1126,408
labels\100518077.png,1,0.948059,396,301,642,301,642,544,396,544
labels\100518077.png,27,0.837402,1136,91,1382,91,1382,352,1136,352
labels\100519224.png,5,0.97026,1247,395,1538,395,1538,659,1247,659
labels\100519224.png,1,0.513319,1340,1015,1633,1015,1633,1079,1340,1079
labels\100522633.png,15,0.933732,726,69,971,69,971,293,726,293
labels\100541249.png,23,0.953744,899,632,1151,632,1151,900,899,900
labels\100556236.png,14,0.791497,852,516,1129,516,1129,773,852,773
labels\100559292.png,11,0.97046,1337,526,1663,526,1663,896,1337,896
labels\100636009.png,7,0.511577,1077,44,1330,44,1330,304,1077,304
labels\100712711.png,33,0.965813,773,167,1024,167,1024,425,773,425
labels\100712711.png,1,0.885229,1352,560,1641,560,1641,829,1352,829
labels\100717206.png,30,0.949019,684,113,923,113,923,346,684,346
labels\100726359.png,13,0.55407,782,198,1039,198,1039,433,782,433
labels\100726359.png,10,0.527597,782,198,1040,198,1040,434,782,434
labels\100741602.png,8,0.970984,1229,393,1499,393,1499,639,1229,639
labels\100759680.png,30,0.66788,1271,409,1519,409,1519,662,1271,662
labels\100810921.png,22,0.958034,1165,190,1389,190,1389,426,1165,426
labels\100812625.png,12,0.924024,674,114,912,114,912,334,674,334
labels\100812625.png,1,0.537533,1288,1022,1591,1022,1591,1080,1288,1080
labels\100812879.png,5,0.941394,1121,194,1391,194,1391,442,1121,442
labels\100812879.png,1,0.561759,1121,195,1391,195,1391,441,1121,441
labels\100818226.png,6,0.933199,1269,416,1547,416,1547,660,1269,660
labels\100839968.png,8,0.974502,1372,744,1671,744,1671,1019,1372,1019
labels\100841415.png,12,0.96635,1029,98,1279,98,1279,325,1029,325
labels\100844280.png,5,0.946378,1083,96,1346,96,1346,330,1083,330
labels\100850322.png,17,0.942369,1162,247,1444,247,1444,541,1162,541
labels\100851356.png,31,0.972593,913,646,1194,646,1194,926,913,926
labels\100932883.png,4,0.860992,1139,176,1367,176,1367,411,1139,411
labels\100932883.png,2,0.65464,1138,176,1366,176,1366,411,1138,411
labels\100933091.png,12,0.977803,729,73,969,73,969,293,729,293
labels\100955579.png,12,0.871825,355,226,603,226,603,462,355,462
labels\100955579.png,27,0.821041,690,32,935,32,935,290,690,290
labels\101005260.png,7,0.698867,1252,431,1531,431,1531,719,1252,719
labels\101005260.png,33,0.557539,1252,431,1531,431,1531,719,1252,719
labels\101006687.png,30,0.973855,721,95,962,95,962,322,721,322
labels\101013890.png,30,0.978907,741,180,988,180,988,412,741,412
labels\101026915.png,0,0.916039,1058,157,1312,157,1312,387,1058,387
labels\101026915.png,1,0.826835,1058,156,1311,156,1311,386,1058,386
labels\101027344.png,0,0.74557,1144,371,1415,371,1415,622,1144,622
labels\101108856.png,24,0.972227,768,231,1001,231,1001,513,768,513
labels\101115159.png,6,0.959189,1154,181,1430,181,1430,423,1154,423
labels\101117321.png,22,0.961822,1243,432,1485,432,1485,681,1243,681
labels\101129586.png,1,0.866189,950,641,1201,641,1201,908,950,908
labels\101129586.png,31,0.81514,1232,369,1526,369,1526,625,1232,625
labels\101132188.png,22,0.968948,728,89,942,89,942,314,728,314
labels\101136929.png,11,0.963278,1235,284,1534,284,1534,627,1235,627
labels\101205847.png,7,0.920867,1303,604,1625,604,1625,932,1303,932
labels\101205847.png,4,0.607658,755,232,986,232,986,469,755,469
labels\101207705.png,11,0.955464,1162,163,1449,163,1449,469,1162,469
labels\101211361.png,11,0.922642,796,273,1075,273,1075,594,796,594
labels\101211361.png,7,0.642852,1181,238,1455,238,1455,535,1181,535
labels\101215549.png,11,0.777598,747,71,984,71,984,326,747,326
labels\101215549.png,4,0.680852,746,72,984,72,984,325,746,325
labels\101258362.png,11,0.95565,745,154,1020,154,1020,485,745,485
labels\101336750.png,33,0.966039,776,195,1026,195,1026,455,776,455
labels\101359977.png,1,0.947074,965,764,1263,764,1263,1047,965,1047
labels\101359977.png,7,0.699206,731,85,965,85,965,325,731,325
